 Haafiz Shahid,Haafiz Shahid,, Pakistan,  ,3,  
 Aftab Habib,Habib, Aftab, England,2,  ,  
 Habibul Bashar,Habibul Bashar,, Bangladesh,50,111,  
 Bradley J Haddin,Haddin, Bradley J, Australia,36,93,25
 Barry G Hadlee,Hadlee, Barry G, New Zealand,  ,2,  
 Dayle R Hadlee,Hadlee, Dayle R, New Zealand,26,11,  
 Richard J Hadlee,Hadlee, Richard J, New Zealand,86,115,  
 Walter A Hadlee,Hadlee, Walter A, New Zealand,11,  ,  
 Hafizur Rahman,Hafizur Rahman,, Bangladesh,  ,2,  
 Nigel E Haig,Haig, Nigel E, England,5,  ,  
 Schofield Haigh,Haigh, Schofield, England,11,  ,  
 Ryan S Haire,Haire, Ryan S, Ireland,  ,2,  
 Oli J Hairs,Hairs, Oli J, Scotland,  ,5,  
 Alexander D Hales,Hales, Alexander D, England,  ,  ,4
 Alfred E Hall,Hall, Alfred E, South Africa,7,  ,  
 Andrew J Hall,Hall, Andrew J, South Africa,21,88,2
 Glen G Hall,Hall, Glen G, South Africa,1,  ,  
 James D Hall,Hall, James D, Ireland,  ,3,  
 Wesley W Hall,Hall, Wesley W, West Indies,48,  ,  
 Ernest A Halliwell,Halliwell, Ernest A, South Africa,8,  ,  
 Charles Hallows,Hallows, Charles, England,2,  ,  
 Clive G Halse,Halse, Clive G, South Africa,3,  ,  
 Ronald A Hamence,Hamence, Ronald A, Australia,3,  ,  
 Hamid Hassan,Hamid Hassan,, Afghanistan,  ,14,8
 Gavin M Hamilton,Hamilton, Gavin M, England,1,38,11
 Lance J Hamilton,Hamilton, Lance J, New Zealand,  ,2,  
 Hammad Azam,Hammad Azam,, Pakistan,  ,5,  
 Jeffrey R Hammond,Hammond, Jeffrey R, Australia,5,1,  
 Walter R Hammond,Hammond, Walter R, England,85,  ,  
 John H Hampshire,Hampshire, John H, England,8,3,  
 Hamza Tariq,Hamza Tariq,, Canada,  ,3,  
 Philip A M Hands,Hands, Philip A M, South Africa,7,  ,  
 Reginald H M Hands,Hands, Reginald H M, South Africa,1,  ,  
 Hanif Mohammad,Hanif Mohammad,, Pakistan,55,  ,  
 Martin A Hanley,Hanley, Martin A, South Africa,1,  ,  
 Hannan Sarkar,Hannan Sarkar,, Bangladesh,17,20,  
 Amarbir S Hansra,Hansra, Amarbir S, Canada,  ,17,  
 Hanumant Singh,Hanumant Singh,, India,14,  ,  
 Rana M Haq,Haq, Rana M, Scotland,  ,31,7
 Harbhajan Singh,Harbhajan Singh,, India,98,229,22
 Manohar S Hardikar,Hardikar, Manohar S, India,2,  ,  
 Harold T W Hardinge,Hardinge, Harold T W, England,1,  ,  
 Joseph Hardstaff (Jnr),Hardstaff (Jnr), Joseph, England,23,  ,  
 Joseph Hardstaff (Snr),Hardstaff (Snr), Joseph, England,5,  ,  
 Noel S Harford,Harford, Noel S, New Zealand,8,  ,  
 Roy I Harford,Harford, Roy I, New Zealand,3,  ,  
 Harilal Shah,Harilal Shah,, East Africa,  ,3,  
 Stephen J Harmison,Harmison, Stephen J, England,63,58,2
 Haroon Rashid,Haroon Rashid,, Pakistan,23,12,  
 Roger A Harper,Harper, Roger A, West Indies,25,105,  
 Christopher Z Harris,Harris, Christopher Z, New Zealand,23,250,  
 Joseph V Harris,Harris, Joseph V, Canada,  ,6,  
 Lord Harris,Harris, Lord, England,4,  ,  
 Parke G Z Harris,Harris, Parke G Z, New Zealand,9,  ,  
 Paul L Harris,Harris, Paul L, South Africa,37,3,  
 Roger M Harris,Harris, Roger M, New Zealand,2,  ,  
 Ryan J Harris,Harris, Ryan J, Australia,8,17,3
 Trevor A Harris,Harris, Trevor A, South Africa,3,  ,  
 John Harry,Harry, John, Australia,1,  ,  
 Matthew N Hart,Hart, Matthew N, New Zealand,14,13,  
 Robert G Hart,Hart, Robert G, New Zealand,11,2,  
 Ronald T Hart,Hart, Ronald T, New Zealand,  ,1,  
 Gerald P D Hartigan,Hartigan, Gerald P D, South Africa,5,  ,  
 Roger M J Hartigan,Hartigan, Roger M J, Australia,2,  ,  
 Albert E V Hartkopf,Hartkopf, Albert E V, Australia,1,  ,  
 Blair R Hartland,Hartland, Blair R, New Zealand,9,16,  
 John C Hartley,Hartley, John C, England,2,  ,  
 Harun-Ur-Rashid,Harun-Ur-Rashid,, Bangladesh,  ,2,  
 Ian J Harvey,Harvey, Ian J, Australia,  ,73,  
 Mervyn R Harvey,Harvey, Mervyn R, Australia,1,  ,  
 Robert L Harvey,Harvey, Robert L, South Africa,2,  ,  
 Robert N Harvey,Harvey, Robert N, Australia,79,  ,  
 Harvinder Singh,Harvinder Singh,, India,3,16,  
 Shane M Harwood,Harwood, Shane M, Australia,  ,1,3
 Hasan Jamil,Hasan Jamil,, Pakistan,  ,6,  
 Hasan Raza,Hasan Raza,, Pakistan,7,16,  
 Haseeb Ahsan,Haseeb Ahsan,, Pakistan,12,  ,  
 Hasibul Hussain,Hasibul Hussain,, Bangladesh,5,32,  
 Mark J Haslam,Haslam, Mark J, New Zealand,4,1,  
 Arthur L Hassett,Hassett, Arthur L, Australia,43,  ,  
 Hasti Gul,Hasti Gul,, Afghanistan,  ,2,  
 Brian F Hastings,Hastings, Brian F, New Zealand,31,11,  
 John W Hastings,Hastings, John W, Australia,  ,11,3
 Christopher M H Hathorn,Hathorn, Christopher M H, South Africa,12,  ,  
 Upul C Hathurusinghe,Hathurusinghe, Upul C, Sri Lanka,26,35,  
 Nathan M Hauritz,Hauritz, Nathan M, Australia,17,58,3
 Lord Hawke,Hawke, Lord, England,5,  ,  
 Neil J N Hawke,Hawke, Neil J N, Australia,27,  ,  
 Matthew L Hayden,Hayden, Matthew L, Australia,103,161,9
 Ernest G Hayes,Hayes, Ernest G, England,5,  ,  
 Frank C Hayes,Hayes, Frank C, England,9,6,  
 John A Hayes,Hayes, John A, New Zealand,15,  ,  
 Roydon L Hayes,Hayes, Roydon L, New Zealand,  ,1,  
 Desmond L Haynes,Haynes, Desmond L, West Indies,116,238,  
 Robert C Haynes,Haynes, Robert C, West Indies,  ,8,  
 Mornantau Hayward,Hayward, Mornantau, South Africa,16,21,  
 Thomas W Hayward,Hayward, Thomas W, England,35,  ,  
 Vijay S Hazare,Hazare, Vijay S, India,30,  ,  
 Josh R Hazlewood,Hazlewood, Josh R, Australia,  ,1,  
 Gervys R Hazlitt,Hazlitt, Gervys R, Australia,9,  ,  
 Dean W Headley,Headley, Dean W, England,15,13,  
 George A Headley,Headley, George A, West Indies,22,  ,  
 Ronald G A Headley,Headley, Ronald G A, West Indies,2,1,  
 Ian A Healy,Healy, Ian A, Australia,119,168,  
 Stewart P Heaney,Heaney, Stewart P, Canada,  ,4,  
 Alec Hearne,Hearne, Alec, England,1,  ,  
 Frank Hearne,Hearne, Frank, South Africa,6,  ,  
 George A L Hearne,Hearne, George A L, South Africa,3,  ,  
 George G Hearne,Hearne, George G, England,1,  ,  
 John T Hearne,Hearne, John T, England,12,  ,  
 John W Hearne,Hearne, John W, England,24,  ,  
 Warren K Hegg,Hegg, Warren K, England,2,  ,  
 Thomas J Heggelman,Heggelman, Thomas J, Netherlands,  ,5,  
 Peter S Heine,Heine, Peter S, South Africa,14,  ,  
 Edward E Hemmings,Hemmings, Edward E, England,16,33,  
 David L Hemp,Hemp, David L, Bermuda,  ,22,2
 Claude W Henderson,Henderson, Claude W, South Africa,7,4,  
 Matthew Henderson,Henderson, Matthew, New Zealand,1,  ,  
 Tyron Henderson,Henderson, Tyron, South Africa,  ,  ,1
 Elias H Hendren,Hendren, Elias H, England,51,  ,  
 Michael Hendrick,Hendrick, Michael, England,30,22,  
 John L Hendriks,Hendriks, John L, West Indies,20,  ,  
 Hunter S T L Hendry,Hendry, Hunter S T L, Australia,11,  ,  
 Moises C Henriques,Henriques, Moises C, Australia,  ,2,1
 Cornelius C Henry,Henry, Cornelius C, Canada,  ,2,  
 Omar Henry,Henry, Omar, South Africa,3,3,  
 Rangana Herath,Herath, Rangana, Sri Lanka,32,16,2
 Jack G Heron,Heron, Jack G, Zimbabwe,  ,6,  
 Christopher Heseltine,Heseltine, Christopher, England,2,  ,  
 Dinuk Hettiarachchi,Hettiarachchi, Dinuk, Sri Lanka,1,  ,  
 Peter D Heyn,Heyn, Peter D, Sri Lanka,  ,2,  
 Paul A Hibbert,Hibbert, Paul A, Australia,1,  ,  
 Graeme A Hick,Hick, Graeme A, England,65,120,  
 Ryan Higgins,Higgins, Ryan, Zimbabwe,  ,11,  
 James D Higgs,Higgs, James D, Australia,22,  ,  
 Kenneth Higgs,Higgs, Kenneth, England,15,  ,  
 Andrew M J Hilditch,Hilditch, Andrew M J, Australia,18,8,  
 Benjamin W Hilfenhaus,Hilfenhaus, Benjamin W, Australia,17,15,6
 Allen Hill,Hill, Allen, England,2,  ,  
 Arthur J L Hill,Hill, Arthur J L, England,3,  ,  
 Clement Hill,Hill, Clement, Australia,49,  ,  
 John C Hill,Hill, John C, Australia,3,  ,  
 Malcolm J Hilton,Hilton, Malcolm J, England,4,  ,  
 Charles F W Hime,Hime, Charles F W, South Africa,1,  ,  
 Dattaram D Hindlekar,Hindlekar, Dattaram D, India,4,  ,  
 Ryan O Hinds,Hinds, Ryan O, West Indies,15,14,  
 Wavell W Hinds,Hinds, Wavell W, West Indies,45,119,5
 George H Hirst,Hirst, George H, England,24,  ,  
 Narendra D Hirwani,Hirwani, Narendra D, India,17,18,  
 John W Hitch,Hitch, John W, England,7,  ,  
 Paul A Hitchcock,Hitchcock, Paul A, New Zealand,  ,14,1
 Edward L G Hoad,Hoad, Edward L G, West Indies,4,  ,  
 Desmond E Hoare,Hoare, Desmond E, Australia,1,  ,  
 John B Hobbs,Hobbs, John B, England,61,  ,  
 Robin N S Hobbs,Hobbs, Robin N S, England,7,  ,  
 Bradley J Hodge,Hodge, Bradley J, Australia,6,25,8
 John H Hodges,Hodges, John H, Australia,2,  ,  
 Kyle C Hodsoll,Hodsoll, Kyle C, Bermuda,  ,3,1
 Paul J C Hoffmann,Hoffmann, Paul J C, Scotland,  ,18,  
 Thomas G Hogan,Hogan, Thomas G, Australia,7,16,  
 George B Hogg,Hogg, George B, Australia,7,123,2
 Rodney M Hogg,Hogg, Rodney M, Australia,38,71,  
 Vincent R Hogg,Hogg, Vincent R, Zimbabwe,  ,2,  
 Matthew J Hoggard,Hoggard, Matthew J, England,67,26,  
 Trevor V Hohns,Hohns, Trevor V, Australia,7,  ,  
 Roland I C Holder,Holder, Roland I C, West Indies,11,37,  
 Vanburn A Holder,Holder, Vanburn A, West Indies,40,12,  
 Michael A Holding,Holding, Michael A, West Indies,60,102,  
 Graeme B Hole,Hole, Graeme B, Australia,18,  ,  
 David A J Holford,Holford, David A J, West Indies,24,  ,  
 Robert G Holland,Holland, Robert G, Australia,11,2,  
 William E Hollies,Hollies, William E, England,13,  ,  
 Adam J Hollioake,Hollioake, Adam J, England,4,35,  
 Ben C Hollioake,Hollioake, Ben C, England,2,20,  
 Delano W Hollis,Hollis, Delano W, Bermuda,  ,1,  
 Errol R T Holmes,Holmes, Errol R T, England,5,  ,  
 Percy Holmes,Holmes, Percy, England,7,  ,  
 John K Holt (Jr),Holt (Jr), John K, West Indies,17,  ,  
 Douglas T Hondo,Hondo, Douglas T, Zimbabwe,9,56,  
 Leland Hone,Hone, Leland, England,1,  ,  
 David W Hookes,Hookes, David W, Australia,23,39,  
 Calvert K Hooper,Hooper, Calvert K, Canada,  ,5,  
 Carl L Hooper,Hooper, Carl L, West Indies,102,227,  
 James R Hopes,Hopes, James R, Australia,  ,84,12
 Albert J Y Hopkins,Hopkins, Albert J Y, Australia,20,  ,  
 Gareth J Hopkins,Hopkins, Gareth J, New Zealand,4,25,10
 John L Hopwood,Hopwood, John L, England,2,  ,  
 Thomas P Horan,Horan, Thomas P, Australia,15,  ,  
 Herbert V Hordern,Hordern, Herbert V, Australia,7,  ,  
 Albert N Hornby,Hornby, Albert N, England,3,  ,  
 Matthew J Horne,Horne, Matthew J, New Zealand,35,50,  
 Philip A Horne,Horne, Philip A, New Zealand,4,4,  
 Percival M Hornibrook,Hornibrook, Percival M, Australia,6,  ,  
 Martin J Horton,Horton, Martin J, England,2,  ,  
 Kenneth W Hough,Hough, Kenneth W, New Zealand,2,  ,  
 David L Houghton,Houghton, David L, Zimbabwe,22,63,  
 Jamie M How,How, Jamie M, New Zealand,19,41,5
 Anthony B Howard,Howard, Anthony B, West Indies,1,  ,  
 Nigel D Howard,Howard, Nigel D, England,4,  ,  
 Geoffrey P Howarth,Howarth, Geoffrey P, New Zealand,47,70,  
 Hedley J Howarth,Howarth, Hedley J, New Zealand,30,9,  
 Henry Howell,Howell, Henry, England,5,  ,  
 Llorne G Howell,Howell, Llorne G, New Zealand,  ,12,  
 William P Howell,Howell, William P, Australia,18,  ,  
 Richard Howorth,Howorth, Richard, England,5,  ,  
 Adam G Huckle,Huckle, Adam G, Zimbabwe,8,19,  
 Andrew C Hudson,Hudson, Andrew C, South Africa,35,89,  
 Kimberley J Hughes,Hughes, Kimberley J, Australia,70,97,  
 Mervyn G Hughes,Hughes, Mervyn G, Australia,53,33,  
 Philip J Hughes,Hughes, Philip J, Australia,14,  ,  
 Humayun Farhat,Humayun Farhat,, Pakistan,1,5,  
 Geoffrey W Humpage,Humpage, Geoffrey W, England,  ,3,  
 Joseph Humphries,Humphries, Joseph, England,3,  ,  
 William A Hunt,Hunt, William A, Australia,1,  ,  
 Conrad C Hunte,Hunte, Conrad C, West Indies,44,  ,  
 Errol A C Hunte,Hunte, Errol A C, West Indies,3,  ,  
 Joseph Hunter,Hunter, Joseph, England,5,  ,  
 Kevin A D Hurdle,Hurdle, Kevin A D, Bermuda,  ,19,  
 Ryan O Hurley,Hurley, Ryan O, West Indies,  ,9,  
 Alan G Hurst,Hurst, Alan G, Australia,12,8,  
 Alexander Hurwood,Hurwood, Alexander, Australia,2,  ,  
 Nasser Hussain,Hussain, Nasser, England,96,88,  
 Rana Omer Hussain,Hussain, Rana Omer, Scotland,  ,8,  
 David J Hussey,Hussey, David J, Australia,  ,39,32
 Michael E K Hussey,Hussey, Michael E K, Australia,63,166,27
 Kenneth L Hutchings,Hutchings, Kenneth L, England,7,  ,  
 Philip Hutchinson,Hutchinson, Philip, South Africa,2,  ,  
 Leonard Hutton,Hutton, Leonard, England,79,  ,  
 Richard A Hutton,Hutton, Richard A, England,5,  ,  
 Danza P Hyatt,Hyatt, Danza P, West Indies,  ,5,4
 Leslie G Hylton,Hylton, Leslie G, West Indies,6,  ,  
