 Kabir Ali,Kabir Ali,, England,1,14,  
 Kabir Khan,Kabir Khan,, Pakistan,4,10,  
 Shantha Kalavitigoda,Kalavitigoda, Shantha, Sri Lanka,1,  ,  
 Abhijit V Kale,Kale, Abhijit V, India,  ,1,  
 Alvin I Kallicharran,Kallicharran, Alvin I, West Indies,66,31,  
 Jacques H Kallis,Kallis, Jacques H, South Africa,146,317,16
 Ruwan S Kalpage,Kalpage, Ruwan S, Sri Lanka,11,86,  
 Lalith W Kaluperuma,Kaluperuma, Lalith W, Sri Lanka,2,4,  
 Sanath M S Kaluperuma,Kaluperuma, Sanath M S, Sri Lanka,4,2,  
 Romesh S Kaluwitharana,Kaluwitharana, Romesh S, Sri Lanka,49,189,  
 James K Kamande,Kamande, James K, Kenya,  ,86,12
 Vinod G Kambli,Kambli, Vinod G, India,17,104,  
 Kamran Akmal,Kamran Akmal,, Pakistan,53,137,38
 Kamran Hussain,Kamran Hussain,, Pakistan,  ,2,  
 Tafadzwa Kamungozi,Kamungozi, Tafadzwa, Zimbabwe,  ,4,  
 Sahan H T Kandamby,Kandamby, Sahan H T, Sri Lanka,  ,38,5
 Arvindah L Kandappah,Kandappah, Arvindah L, Canada,  ,2,  
 Danish Kaneria,Kaneria, Danish, Pakistan,61,18,  
 Rohan B Kanhai,Kanhai, Rohan B, West Indies,79,7,  
 Hemant S Kanitkar,Kanitkar, Hemant S, India,2,  ,  
 Hrishikesh H Kanitkar,Kanitkar, Hrishikesh H, India,2,34,  
 Kapil Dev,Kapil Dev,, India,131,225,  
 Aashish R Kapoor,Kapoor, Aashish R, India,4,17,  
 Chamara K Kapugedera,Kapugedera, Chamara K, Sri Lanka,8,86,20
 Abdul H Kardar,Kardar, Abdul H, Pakistan,26,  ,  
 Morne Karg,Karg, Morne, Namibia,  ,3,  
 Aasif Y Karim,Karim, Aasif Y, Kenya,  ,34,  
 Irfan A Karim,Karim, Irfan A, Kenya,  ,2,  
 Saba Karim,Karim, Saba, India,1,34,  
 Karim Sadiq,Karim Sadiq,, Afghanistan,  ,16,8
 Shaul H U Karnain,Karnain, Shaul H U, Sri Lanka,  ,19,  
 Krishna K D Karthik,Karthik, Krishna K D, India,23,52,8
 Murali Kartik,Kartik, Murali, India,8,37,1
 Frank D M Karunaratne,Karunaratne, Frank D M, Sri Lanka,  ,2,  
 Kashif Raza,Kashif Raza,, Pakistan,  ,1,  
 Michael S Kasprowicz,Kasprowicz, Michael S, Australia,38,43,2
 Friday Kasteni,Kasteni, Friday, Zimbabwe,  ,3,  
 Eion Katchay,Katchay, Eion, Canada,  ,5,4
 Simon M Katich,Katich, Simon M, Australia,56,45,3
 William W Keeton,Keeton, William W, England,2,  ,  
 Headley J Keith,Keith, Headley J, South Africa,8,  ,  
 Charles E Kelleway,Kelleway, Charles E, Australia,26,  ,  
 James J Kelly,Kelly, James J, Australia,36,  ,  
 Stefan K W Kelly,Kelly, Stefan K W, Bermuda,  ,10,3
 Thomas J D Kelly,Kelly, Thomas J D, Australia,2,  ,  
 Justin M Kemp,Kemp, Justin M, South Africa,4,85,8
 Gustav A Kempis,Kempis, Gustav A, South Africa,1,  ,  
 Thomas Kendall,Kendall, Thomas, Australia,2,  ,  
 Alexander S Kennedy,Kennedy, Alexander S, England,5,  ,  
 Robert J Kennedy,Kennedy, Robert J, New Zealand,4,7,  
 Ramnath B Kenny,Kenny, Ramnath B, India,5,  ,  
 John C Kent,Kent, John C, South Africa,  ,2,  
 Martin F Kent,Kent, Martin F, Australia,3,5,  
 Esmond S M Kentish,Kentish, Esmond S M, West Indies,2,  ,  
 Donald Kenyon,Kenyon, Donald, England,8,  ,  
 John L Kerr,Kerr, John L, New Zealand,7,  ,  
 Robert B Kerr,Kerr, Robert B, Australia,2,4,  
 Alexei N Kervezee,Kervezee, Alexei N, Netherlands,  ,37,6
 Shaheed Keshvani,Keshvani, Shaheed, Canada,  ,5,2
 Daniel Keulder,Keulder, Daniel, Namibia,  ,6,  
 Robert W T Key,Key, Robert W T, England,15,5,1
 Khaled Mahmud,Khaled Mahmud,, Bangladesh,12,77,  
 Khaled Mashud,Khaled Mashud,, Bangladesh,44,126,  
 Khalid Hassan,Khalid Hassan,, Pakistan,1,  ,  
 Khalid Ibadulla,Khalid Ibadulla,, Pakistan,4,  ,  
 Khalid Khan,Khalid Khan,, Hong Kong,  ,2,  
 Khalid Latif,Khalid Latif,, Pakistan,  ,5,5
 Khalid Wazir,Khalid Wazir,, Pakistan,2,  ,  
 Khaliq Dad,Khaliq Dad,, Afghanistan,  ,6,  
 Amjad Khan,Khan, Amjad, England,1,  ,1
 Imraan Khan,Khan, Imraan, South Africa,1,  ,  
 Khan Mohammad,Khan Mohammad,, Pakistan,13,  ,  
 Surinder C Khanna,Khanna, Surinder C, India,  ,10,  
 Usman T Khawaja,Khawaja, Usman T, Australia,3,  ,  
 Gagan K Khoda,Khoda, Gagan K, India,  ,2,  
 Khuram Khan,Khuram Khan,, United Arab Emirates,  ,4,  
 Amay R Khurasiya,Khurasiya, Amay R, India,  ,12,  
 Khurram Chohan,Khurram Chohan,, Canada,  ,23,4
 Khurram Manzoor,Khurram Manzoor,, Pakistan,7,7,  
 Gary E Kidd,Kidd, Gary E, Ireland,  ,6,1
 Craig Kieswetter,Kieswetter, Craig, England,  ,28,14
 Edgar T Killick,Killick, Edgar T, England,2,  ,  
 Roy Kilner,Kilner, Roy, England,9,  ,  
 Collis L King,King, Collis L, West Indies,9,18,  
 Frank M King,King, Frank M, West Indies,14,  ,  
 John H King,King, John H, England,1,  ,  
 Lester A King,King, Lester A, West Indies,2,  ,  
 Reon D King,King, Reon D, West Indies,19,50,  
 Septimus Kinneir,Kinneir, Septimus, England,1,  ,  
 Alan F Kippax,Kippax, Alan F, Australia,22,  ,  
 Syed M H Kirmani,Kirmani, Syed M H, India,88,49,  
 Gary Kirsten,Kirsten, Gary, South Africa,101,185,  
 Peter N Kirsten,Kirsten, Peter N, South Africa,12,40,  
 Robert J Kirtley,Kirtley, Robert J, England,4,11,1
 Harisinghani G Kischenchand,Kischenchand, Harisinghani G, India,5,  ,  
 Rory K Kleinveldt,Kleinveldt, Rory K, South Africa,  ,  ,2
 Lindsay F Kline,Kline, Lindsay F, Australia,13,  ,  
 Jan F Kloppenburg,Kloppenburg, Jan F, Netherlands,  ,6,  
 Lance Klusener,Klusener, Lance, South Africa,49,171,  
 Albert E Knight,Knight, Albert E, England,3,  ,  
 Barry R Knight,Knight, Barry R, England,29,  ,  
 Donald J Knight,Knight, Donald J, England,2,  ,  
 Nicholas V Knight,Knight, Nicholas V, England,17,100,  
 Alan P E Knott,Knott, Alan P E, England,95,20,  
 Neville A Knox,Knox, Neville A, England,2,  ,  
 Louis J Koen,Koen, Louis J, South Africa,  ,5,  
 Virat Kohli,Kohli, Virat, India,3,69,6
 Bjorn L Kotze,Kotze, Bjorn L, Namibia,  ,5,  
 Deon B Kotze,Kotze, Deon B, Namibia,  ,6,  
 Johannes J Kotze,Kotze, Johannes J, South Africa,3,  ,  
 Jason J Krejza,Krejza, Jason J, Australia,2,8,  
 Amritsar G Kripal Singh,Kripal Singh, Amritsar G, India,14,  ,  
 Pallemoni Krishnamurthy,Krishnamurthy, Pallemoni, India,5,1,  
 Bradley P Kruger,Kruger, Bradley P, Netherlands,  ,5,  
 Courtney K Kruger,Kruger, Courtney K, Hong Kong,  ,2,  
 Garnett J-P Kruger,Kruger, Garnett J-P, South Africa,  ,3,1
 Neil Kruger,Kruger, Neil, Netherlands,  ,2,  
 Christopher M Kuggeleijn,Kuggeleijn, Christopher M, New Zealand,2,16,  
 Heino G Kuhn,Kuhn, Heino G, South Africa,  ,  ,5
 Adrian P Kuiper,Kuiper, Adrian P, South Africa,1,25,  
 Chamith K B Kulasekara,Kulasekara, Chamith K B, Sri Lanka,1,1,  
 K M D Nuwan Kulasekara,Kulasekara, K M D Nuwan, Sri Lanka,12,98,15
 H G Jeeuantha M Kulatunga,Kulatunga, H G Jeeuantha M, Sri Lanka,  ,  ,2
 Nilesh M Kulkarni,Kulkarni, Nilesh M, India,3,10,  
 Rajiv R Kulkarni,Kulkarni, Rajiv R, India,3,10,  
 Umesh N Kulkarni,Kulkarni, Umesh N, India,4,  ,  
 Nitish R Kumar ,Kumar , Nitish R, Canada,  ,10,  
 Praveen Kumar,Kumar, Praveen, India,6,61,7
 Vaman V Kumar,Kumar, Vaman V, India,2,  ,  
 Thirunavukkar A S U Kumaran,Kumaran, Thirunavukkar A S U, India,  ,8,  
 Anil Kumble,Kumble, Anil, India,132,271,  
 Budhisagar K Kunderan,Kunderan, Budhisagar K, India,18,  ,  
 Don S B P Kuruppu,Kuruppu, Don S B P, Sri Lanka,4,54,  
 Ajith K Kuruppuarachchi,Kuruppuarachchi, Ajith K, Sri Lanka,2,  ,  
 Abey Kuruvilla,Kuruvilla, Abey, India,10,25,  
 Frederick Kuys,Kuys, Frederick, South Africa,1,  ,  
 Kwame Tucker,Kwame Tucker,, Bermuda,  ,12,  
